station_id,streetName,long,lat,tot_slots,mean_bikes,mean_free_slots,total_observations,times_total_empty,times_total_full,pct_empty,pct_full
1,Gran Via Corts Catalanes,2.180042,41.397952,29,16.6,12.4,2833,50,273,1.76,9.64
2,Roger de Flor/ Gran Vía,2.17706,41.39553,26,13.3,12.7,2833,74,127,2.61,4.48
3,Nàpols,2.183441,41.394072,26,13.9,12.1,2833,74,51,2.61,1.8
4,Ribes,2.18149,41.39347,21,10.7,10.3,2833,108,172,3.81,6.07
5,Pg Lluís Companys,2.180223,41.391075,39,15.9,23.1,2833,127,25,4.48,0.88
6,Pg Lluís Companys,2.18061,41.391349,39,14.5,24.5,2833,64,33,2.26,1.16
7,Pg Lluís Companys,2.183251,41.388856,27,12.6,14.4,2833,86,128,3.04,4.52
8,Pg Lluís Companys,2.183568,41.389088,27,10.6,16.4,2833,106,74,3.74,2.61
9,Marquès de l'Argentera,2.184921,41.384532,27,10.7,16.3,2833,184,84,6.49,2.97
11,Passeig Marítim,2.193914,41.381689,21,5.8,15.2,2833,577,76,20.37,2.68
12,Pg Marítim Barceloneta,2.195679,41.384538,30,9.0,21.0,2833,554,106,19.56,3.74
13,Avinguda Litoral,2.195761,41.386861,33,11.4,21.6,2833,663,125,23.4,4.41
14,Avinguda del Marques Argentera,2.185039,41.384675,27,11.0,16.0,2833,145,0,5.12,0.0
15,Girona,2.171189,41.394812,21,7.0,14.0,2833,359,150,12.67,5.29
16,Av. Meridiana,2.186708,41.39827,21,6.0,15.0,2833,410,15,14.47,0.53
17,Av. Meridiana,2.186711,41.398237,21,7.3,13.7,2833,272,70,9.6,2.47
18,Rosselló,2.174167,41.406086,27,10.7,16.3,2833,268,123,9.46,4.34
19,Rosselló,2.170726,41.403282,30,14.3,15.7,2833,265,207,9.35,7.31
20,Cartagena,2.175759,41.410166,21,8.9,12.1,2833,325,129,11.47,4.55
21,Sant Antoni Maria Claret,2.17402,41.410897,21,7.2,13.8,2833,421,70,14.86,2.47
22,Sardenya,2.17568,41.401684,21,7.3,13.7,2833,439,131,15.5,4.62
23,Bruc,2.171812,41.392526,27,11.3,15.7,2833,277,86,9.78,3.04
24,Marina,2.179111,41.400659,30,13.4,16.6,2833,171,128,6.04,4.52
25,Bruc,2.168294,41.395179,21,5.6,15.4,2833,557,25,19.66,0.88
26,Dos Maig,2.181981,41.407035,18,10.6,7.4,2833,164,462,5.79,16.31
27,Provença,2.164415,41.396881,21,2.6,18.4,2833,1103,3,38.93,0.11
28,Sardenya,2.17064,41.405422,24,4.8,19.2,2833,703,17,24.81,0.6
29,Provença,2.170082,41.401101,21,7.1,13.9,2833,363,126,12.81,4.45
30,Diagonal,2.182286,41.402046,21,12.7,8.3,2833,107,357,3.78,12.6
31,Plaça del Mar,2.18895,41.37481,18,8.6,9.4,2833,424,370,14.97,13.06
32,Plaça del Mar,2.188927,41.373698,27,10.6,16.4,2833,651,276,22.98,9.74
33,Pontevedra,2.190773,41.376862,21,10.4,10.6,2833,172,151,6.07,5.33
34,Sant Pere Més Alt,2.175247,41.387074,21,11.3,9.7,2833,68,195,2.4,6.88
35,Sant Ramon de Penyafort,2.221153,41.413592,27,10.0,17.0,2833,89,59,3.14,2.08
36,Catedral,2.176804,41.385151,21,12.7,8.3,2833,26,313,0.92,11.05
37,Pl. Antonio López,2.181888,41.381226,23,9.4,13.6,2833,210,0,7.41,0.0
38,Pl. Pau Vila,2.186397,41.381129,20,13.1,6.9,2833,105,447,3.71,15.78
39,Pl. Pau Vila,2.186576,41.381046,20,2.2,17.8,2833,2233,0,78.82,0.0
40,Doctor Aiguader,2.187093,41.382335,18,10.8,7.2,2833,117,350,4.13,12.35
41,Pl. Poeta Boscà/Atlàntida,2.189906,41.379326,21,11.2,9.8,2833,172,644,6.07,22.73
42,Ciutat de Granada,2.189881,41.404511,24,8.7,15.3,2833,444,158,15.67,5.58
43,Av Meridiana,2.18712,41.40541,27,12.7,14.3,2833,297,145,10.48,5.12
44,Av Meridiana,2.187136,41.402165,20,6.3,13.7,2833,527,139,18.6,4.91
45,Marina,2.189399,41.391401,18,9.4,8.6,2833,180,519,6.35,18.32
46,Ramon trias Fargas,2.193004,41.388359,30,10.7,19.3,2833,286,24,10.1,0.85
47,Ramon Trias Fargas,2.192104,41.389076,36,13.3,22.7,2833,287,39,10.13,1.38
48,Meridiana,2.18708,41.395261,21,9.4,11.6,2833,170,30,6.0,1.06
49,Rosa Sensat en front,2.196457,41.39106,21,8.9,12.1,2833,321,158,11.33,5.58
50,Av. Paral.lel,2.17035,41.375,26,16.0,10.0,2833,121,545,4.27,19.24
51,Pl. Vicenç Martorell,2.169019,41.384054,21,11.8,9.2,2833,36,90,1.27,3.18
53,Pl. Carles Pi i Sunyer,2.173878,41.385227,23,11.9,11.1,2833,49,211,1.73,7.45
54,Sant Oleguer,2.170586,41.377635,21,14.2,6.8,2833,129,841,4.55,29.69
55,La Rambla,2.173497,41.381154,19,11.5,7.5,2833,124,348,4.38,12.28
56,Portal de Santa Madrona,2.175834,41.377011,27,13.8,13.2,2833,42,160,1.48,5.65
57,La Rambla,2.177093,41.376758,27,18.5,8.5,2833,28,592,0.99,20.9
58,Plaça dels Àngels,2.167154,41.382822,21,10.7,10.3,2833,120,268,4.24,9.46
59,Plaça dels Àngels,2.167203,41.382781,21,9.4,11.6,2833,253,309,8.93,10.91
60,Rambla Catalunya,2.16424,41.390349,27,3.6,23.4,2833,1110,23,39.18,0.81
61,Rambla Catalunya,2.164946,41.390143,27,6.8,20.2,2833,870,52,30.71,1.84
62,Pl. Catalunya,2.168858,41.387142,21,7.6,13.4,2833,600,166,21.18,5.86
63,Pl. Catalunya,2.169417,41.386439,27,10.9,16.1,2833,419,133,14.79,4.69
64,Pl. Catalunya,2.169048,41.387469,21,6.8,14.2,2833,823,175,29.05,6.18
65,Pl. Catalunya,2.169587,41.387678,21,7.4,13.6,2833,635,190,22.41,6.71
66,Gran Via,2.167933,41.389097,15,4.2,10.8,2833,1007,416,35.55,14.68
67,Rocafort,2.145843,41.385012,24,5.7,18.3,2833,410,0,14.47,0.0
68,Rambla Catalunya,2.157356,41.395364,27,3.5,23.5,2833,1101,2,38.86,0.07
69,Avda. Litoral,2.195689,41.386814,33,11.6,21.4,2833,445,103,15.71,3.64
70,Comte Urgell,2.160695,41.380347,21,12.8,8.2,2833,134,648,4.73,22.87
71,Floridablanca,2.162969,41.381931,21,10.9,10.1,2833,138,229,4.87,8.08
72,Provença,2.158811,41.392716,27,3.3,23.7,2833,1029,1,36.32,0.04
73,Enric Granados,2.156183,41.392278,21,3.6,17.4,2833,985,13,34.77,0.46
74,Josep Tarradellas,2.143272,41.390062,21,4.9,16.1,2833,664,31,23.44,1.09
75,Josep Tarradellas,2.142868,41.385081,21,6.1,14.9,2833,424,45,14.97,1.59
76,Còrsega,2.153123,41.391751,33,7.5,25.5,2833,627,0,22.13,0.0
78,Pl. Universitat,2.16338,41.385598,27,8.3,18.7,2833,449,56,15.85,1.98
79,Pl. Universitat,2.16333,41.38547,24,6.7,17.3,2833,399,0,14.08,0.0
80,Enric Granados,2.159999,41.389687,21,3.6,17.4,2833,789,5,27.85,0.18
81,Vilamarí davant,2.149174,41.378915,21,8.1,12.9,2833,254,178,8.97,6.28
82,Rocafort,2.153799,41.379016,33,17.0,16.0,2833,72,179,2.54,6.32
83,Comte Borrell,2.153654,41.384075,27,9.3,17.7,2833,366,74,12.92,2.61
84,Comte d'Urgell,2.157033,41.383047,21,10.6,10.4,2833,123,340,4.34,12.0
85,Paral·lel,2.159046,41.375076,24,15.9,8.1,2833,70,651,2.47,22.98
86,Viladomat,2.163,41.37544,26,17.4,8.6,2833,76,684,2.68,24.14
87,Mallorca,2.148506,41.383156,21,9.7,11.3,2833,257,283,9.07,9.99
88,Londres,2.150764,41.393547,21,3.0,18.0,2833,1122,35,39.6,1.24
89,Rosselló,2.150169,41.387953,27,7.9,19.1,2833,465,44,16.41,1.55
90,Rosselló,2.150825,41.38834,18,3.8,14.2,2833,756,50,26.69,1.76
91,Comte Borrell,2.158403,41.380452,30,15.6,14.4,2833,89,331,3.14,11.68
92,Provença,2.160237,41.39386,18,2.9,15.1,2833,1426,30,50.34,1.06
93,Gran Via,2.149786,41.375454,24,5.7,18.3,2833,472,20,16.66,0.71
94,Gran Via,2.149889,41.375619,24,5.8,18.2,2833,438,17,15.46,0.6
95,Tarragona,2.147734,41.376428,33,12.2,20.8,2833,227,47,8.01,1.66
96,Gran Via,2.148154,41.374152,21,5.4,15.6,2833,495,0,17.47,0.0
97,Tarragona,2.145389,41.378124,21,7.8,13.2,2833,388,114,13.7,4.02
98,Viriat,2.141153,41.380499,21,7.5,13.5,2833,572,260,20.19,9.18
99,Viriat,2.141548,41.380632,19,7.4,11.6,2833,519,259,18.32,9.14
100,Tarragona,2.14409,41.379135,21,7.2,13.8,2833,510,134,18.0,4.73
101,Av. Diagonal,2.14321,41.39243,27,5.6,21.4,2833,742,0,26.19,0.0
102,Av. Diagonal,2.14213,41.39218,24,5.9,18.1,2833,768,9,27.11,0.32
103,Aragó,2.188217,41.409856,21,12.0,9.0,2833,154,468,5.44,16.52
104,C/València,2.187365,41.410821,27,15.9,11.1,2833,98,373,3.46,13.17
105,PL. Urquinaona,2.173424,41.389069,21,6.3,14.7,2833,525,130,18.53,4.59
106,Pl. Joanic,2.162317,41.405587,21,1.3,19.7,2833,1808,5,63.82,0.18
107,Travessera de Gracia,2.153128,41.398298,21,2.4,18.6,2833,1071,12,37.8,0.42
108,Indústria,2.164961,41.402314,21,6.9,14.1,2833,523,55,18.46,1.94
109,C/ Londres,2.14737,41.390981,21,2.9,18.1,2833,904,7,31.91,0.25
110,Avda. Roma,2.154878,41.385377,21,7.8,13.2,2833,296,50,10.45,1.76
111,Calabria,2.152755,41.381231,21,11.5,9.5,2833,153,465,5.4,16.41
112,Floridablanca,2.15725,41.377644,21,12.5,8.5,2833,77,474,2.72,16.73
113,Sant Pau,2.1647,41.37742,27,17.0,10.0,2833,99,764,3.49,26.97
114,Pl. Jean Genet,2.173039,41.376801,21,11.0,10.0,2833,99,0,3.49,0.0
115,Marqués d'Argentera,2.18424,41.38377,21,10.2,10.8,2833,150,194,5.29,6.85
116,Salvat Papasseit,2.191414,41.383718,27,11.0,16.0,2833,242,242,8.54,8.54
117,Rosa Sensat,2.197024,41.390666,21,6.8,14.2,2833,523,85,18.46,3.0
118,Sardenya,2.187847,41.392212,27,16.0,11.0,2833,67,592,2.36,20.9
119,Sardenya,2.182447,41.396684,21,13.1,7.9,2833,59,582,2.08,20.54
120,Lepant,2.176515,41.404666,21,10.5,10.5,2833,227,252,8.01,8.9
121,Castillejos,2.178689,41.406293,21,11.5,9.5,2833,201,391,7.09,13.8
122,Nàpols,2.16624,41.405435,21,6.3,14.7,2833,592,9,20.9,0.32
123,Girona,2.166978,41.398013,21,6.5,14.5,2833,568,43,20.05,1.52
124,Passeig Joan de Borbó,2.187808,41.370297,27,10.7,16.3,2833,471,240,16.63,8.47
125,Passeig Maritim,2.195595,41.384426,21,5.0,16.0,2833,851,94,30.04,3.32
126,Passeig de Colom,2.182243,41.380641,21,10.8,10.2,2833,178,195,6.28,6.88
127,Aragó,2.19142,41.412322,27,16.6,10.4,2833,43,508,1.52,17.93
128,Rambla Guipúscoa,2.19581,41.415581,30,18.0,12.0,2833,41,235,1.45,8.3
129,Manso,2.16124,41.37709,27,17.7,9.3,2833,70,662,2.47,23.37
130,Rambla Guipúscoa,2.201573,41.419905,24,16.3,7.7,2833,32,503,1.13,17.76
131,Rambla Guipúscoa,2.206036,41.422808,27,15.3,11.7,2833,81,243,2.86,8.58
132,Pl. Valentí Amirall,2.192173,41.408439,27,18.6,8.4,2833,12,409,0.42,14.44
133,Gran Vía,2.192819,41.407411,18,9.8,8.2,2833,113,324,3.99,11.44
134,Bac de Roda,2.198735,41.411433,21,14.3,6.7,2833,18,0,0.64,0.0
135,Gran Vía,2.197936,41.411908,21,12.3,8.7,2833,37,275,1.31,9.71
136,Gran Vía,2.201734,41.414226,27,17.3,9.7,2833,5,215,0.18,7.59
137,"Gran Vía, 1041/ Selva de Mar",2.201538,41.414758,27,12.9,14.1,2833,77,123,2.72,4.34
138,Gran Vía,2.205397,41.416966,24,17.0,7.0,2833,25,483,0.88,17.05
139,Gran Vía,2.206023,41.418035,27,12.8,14.2,2833,91,7,3.21,0.25
140,Viladomat,2.15614,41.38063,27,14.1,12.9,2833,91,182,3.21,6.42
141,Gran Via,2.194896,41.40902,30,12.9,17.1,2833,35,22,1.24,0.78
142,Sancho de Ávila,2.192511,41.400503,33,10.5,22.5,2833,447,98,15.78,3.46
143,Sancho de Ávila,2.19606,41.40325,27,10.0,17.0,2833,277,136,9.78,4.8
144,Castella,2.19764,41.40562,27,12.2,14.8,2833,143,163,5.05,5.75
145,Pere IV,2.202904,41.40982,27,11.3,15.7,2833,84,93,2.97,3.28
146,Pere IV,2.207111,41.415191,14,8.5,5.5,2833,157,432,5.54,15.25
147,Rambla Prim,2.212658,41.416018,27,11.3,15.7,2833,161,201,5.68,7.09
148,Ronda Sant Pau,2.163324,41.378436,27,17.4,9.6,2833,103,806,3.64,28.45
149,Pujades,2.192958,41.395905,27,10.2,16.8,2833,254,97,8.97,3.42
150,Espronceda,2.203112,41.406549,27,11.2,15.8,2833,100,108,3.53,3.81
151,Pallars,2.19719,41.40065,24,8.7,15.3,2833,219,85,7.73,3.0
152,Pujades,2.197421,41.39925,27,9.2,17.8,2833,229,69,8.08,2.44
153,Pujades,2.200769,41.401778,27,11.5,15.5,2833,98,173,3.46,6.11
154,Pujades,2.201656,41.402454,27,10.7,16.3,2833,99,136,3.49,4.8
155,Pujades,2.207602,41.406977,33,13.4,19.6,2833,191,161,6.74,5.68
156,Diagonal,2.20881,41.409017,27,14.1,12.9,2833,54,286,1.91,10.1
157,C/ LLULL - RBLA. PRIM,2.217819,41.412947,27,12.7,14.3,2833,84,242,2.97,8.54
158,Rambla de Prim,2.218546,41.411741,26,13.5,12.5,2833,166,297,5.86,10.48
159,Avda. Diagonal,2.216703,41.410882,32,14.5,17.5,2833,107,29,3.78,1.02
160,Avda. d'Eduard Maristany,2.219377,41.411026,33,18.3,14.7,2833,209,259,7.38,9.14
161,Ramon Turro,2.196308,41.395009,27,9.9,17.1,2833,209,126,7.38,4.45
162,Ramon Turro,2.208436,41.403908,27,13.3,13.7,2833,111,230,3.92,8.12
163,Avda. Icaria,2.20077,41.3942,27,9.3,17.7,2833,252,128,8.9,4.52
164,Independència,2.178037,41.41194,27,10.2,16.8,2833,400,87,14.12,3.07
165,Carrer del Doctor Trueta,2.204253,41.399196,25,15.0,10.0,2833,61,344,2.15,12.14
166,Bilbao,2.206539,41.400533,24,12.6,11.4,2833,111,296,3.92,10.45
167,Bac de Roda,2.210538,41.402561,21,7.6,13.4,2833,188,128,6.64,4.52
168,Selva de Mar,2.213677,41.405358,26,9.4,16.6,2833,241,107,8.51,3.78
169,Avda. Litoral,2.200055,41.389896,27,6.8,20.2,2833,962,112,33.96,3.95
170,Avda. Litoral,2.199934,41.389732,27,6.5,20.5,2833,881,71,31.1,2.51
171,Passeig Marítim de la Nova Icària,2.203699,41.391986,27,8.0,19.0,2833,843,155,29.76,5.47
172,Passeig Marítim de la Nova Icària,2.203436,41.391831,27,7.6,19.4,2833,892,149,31.49,5.26
173,Avda. Litoral,2.208982,41.398027,27,6.9,20.1,2833,644,117,22.73,4.13
174,Passeig de Garcia Fària,2.210461,41.40061,27,10.7,16.3,2833,207,116,7.31,4.09
175,Llull / Provençals,2.20956,41.40666,27,8.2,18.8,2833,315,111,11.12,3.92
176,Passeig de Garcia Fària,2.212641,41.402541,26,10.8,15.2,2833,281,59,9.92,2.08
177,Rosselló,2.181119,41.411089,27,14.3,12.7,2833,218,315,7.7,11.12
178,Passeig de Garcia Fària,2.216212,41.405389,27,8.3,18.7,2833,511,118,18.04,4.17
179,Pg. Zona Franca,2.13677,41.363511,21,13.2,7.8,2833,52,405,1.84,14.3
180,Gran Via,2.13926,41.36778,26,18.5,7.5,2833,9,455,0.32,16.06
181,Gran Via,2.13911,41.36766,26,18.2,7.8,2833,5,335,0.18,11.82
182,Gran Via,2.143882,41.371455,26,13.8,12.2,2833,171,156,6.04,5.51
183,Gavà,2.141875,41.372338,27,14.7,12.3,2833,152,240,5.37,8.47
184,Quetzal,2.134088,41.367504,24,19.6,4.4,2833,0,628,0.0,22.17
185,Gavà,2.138994,41.37046,21,9.2,11.8,2833,207,222,7.31,7.84
186,Consell de Cent,2.143812,41.375571,15,6.8,8.2,2833,360,280,12.71,9.88
187,Carrer de Sant Pau,2.169811,41.376858,18,10.5,7.5,2833,246,857,8.68,30.25
188,Pl. Sants (Ps. S. Antoni),2.135543,41.375471,27,11.9,15.1,2833,260,181,9.18,6.39
189,Bruc,2.166163,41.396918,27,8.3,18.7,2833,491,0,17.33,0.0
190,Avinguda Litoral,2.207803,41.39606,33,10.5,22.5,2833,455,179,16.06,6.32
191,Rocafort,2.149094,41.382564,27,11.6,15.4,2833,233,0,8.22,0.0
192,Joan Güell,2.133467,41.378629,21,8.0,13.0,2833,419,183,14.79,6.46
193,Figols,2.128912,41.381311,27,6.4,20.6,2833,466,9,16.45,0.32
194,Joan Güell,2.132319,41.381013,27,5.0,22.0,2833,631,12,22.27,0.42
195,Vallespir,2.135433,41.381888,27,5.3,21.7,2833,438,0,15.46,0.0
196,Berlín,2.139363,41.383241,24,4.9,19.1,2833,520,8,18.36,0.28
197,Gelabert,2.141539,41.387295,27,7.2,19.8,2833,524,19,18.5,0.67
198,Vallespir,2.133682,41.384426,27,3.3,23.7,2833,866,0,30.57,0.0
199,Mejía Lequerica,2.126933,41.38182,26,7.9,18.1,2833,366,32,12.92,1.13
200,Can bruixa,2.131273,41.383756,24,3.7,20.3,2833,834,46,29.44,1.62
201,Numància,2.134341,41.387787,33,4.3,28.7,2833,935,4,33.0,0.14
202,Carrer de les Corts,2.128737,41.385331,27,4.8,22.2,2833,772,0,27.25,0.0
203,Avda. Diagonal,2.128503,41.388742,33,8.1,24.9,2833,622,11,21.96,0.39
204,Avda. Diagonal,2.125593,41.388011,32,7.9,24.1,2833,783,26,27.64,0.92
205,Europa,2.130838,41.387465,33,8.3,24.7,2833,417,0,14.72,0.0
206,Avda. Diagonal,2.13284,41.389845,33,7.1,25.9,2833,918,17,32.4,0.6
207,Avda. Diagonal,2.136665,41.390828,21,4.7,16.3,2833,1036,29,36.57,1.02
208,Avda. Diagonal,2.139116,41.391451,33,8.2,24.8,2833,603,9,21.28,0.32
209,Diputació,2.161004,41.385755,27,6.0,21.0,2833,348,23,12.28,0.81
210,Vilardell,2.142356,41.37453,27,11.5,15.5,2833,285,119,10.06,4.2
211,Sancho de Ávila,2.190291,41.398848,33,14.2,18.8,2833,205,98,7.24,3.46
212,Av. Sarrià,2.130945,41.39239,27,9.5,17.5,2833,499,14,17.61,0.49
213,Sant Fe de Nou Mèxic,2.135078,41.393783,33,9.4,23.6,2833,481,0,16.98,0.0
214,José de Agulló,2.133541,41.395251,24,3.1,20.9,2833,1211,26,42.75,0.92
215,Carrer de Ganduxer,2.138146,41.39412,21,2.6,18.4,2833,1034,4,36.5,0.14
216,Madrazo,2.144534,41.396809,27,2.6,24.4,2833,1259,0,44.44,0.0
217,Rector Ubach,2.143924,41.398463,27,4.5,22.5,2833,1205,3,42.53,0.11
218,Consell de Cent,2.183203,41.404114,27,16.6,10.4,2833,85,401,3.0,14.15
219,Carre Laforja,2.147585,41.397812,27,2.4,24.6,2833,1508,0,53.23,0.0
220,Tuset,2.151482,41.396229,27,7.0,20.0,2833,780,40,27.53,1.41
221,Gran de Gràcia,2.152519,41.402535,27,4.4,22.6,2833,977,7,34.49,0.25
222,Carrer del Canó,2.157483,41.40124,27,1.9,25.1,2833,1860,0,65.65,0.0
223,Carrer de Bonavista,2.159865,41.398311,36,5.1,30.9,2833,883,13,31.17,0.46
224,Girona,2.164389,41.399945,24,5.5,18.5,2833,685,30,24.18,1.06
225,Mallorca,2.15057,41.38482,27,8.1,18.9,2833,393,21,13.87,0.74
226,Montmany,2.161096,41.403465,27,5.8,21.2,2833,819,34,28.91,1.2
227,Torrent de Les Flors,2.158678,41.407837,27,3.0,24.0,2833,1210,0,42.71,0.0
228,Pl. Del Nord,2.155794,41.40694,21,3.2,17.8,2833,1405,0,49.59,0.0
229,Carrer de la Santacreu,2.156874,41.405107,30,2.9,27.1,2833,1770,0,62.48,0.0
230,C. De Nil Fabra,2.151633,41.405986,27,4.1,22.9,2833,1165,0,41.12,0.0
231,Pi i Margall,2.163476,41.407202,24,8.1,15.9,2833,661,181,23.33,6.39
232,Vilà i Vilà,2.171002,41.373509,27,17.3,9.7,2833,46,565,1.62,19.94
233,Nou de la Rambla,2.166871,41.371965,27,8.5,18.5,2833,421,78,14.86,2.75
234,Passeig de l'Exposició,2.162166,41.371515,27,8.4,18.6,2833,497,64,17.54,2.26
235,Paral.lel,2.165839,41.375065,27,17.3,9.7,2833,117,684,4.13,24.14
236,Avinguda Paral.lel,2.152769,41.375127,24,11.5,12.5,2833,114,197,4.02,6.95
237,Rius i Taulet,2.154471,41.372891,27,8.2,18.8,2833,255,0,9.0,0.0
238,Espronceda,2.190986,41.415684,27,16.0,11.0,2833,42,378,1.48,13.34
239,Indústria,2.184534,41.417323,26,15.2,10.8,2833,98,395,3.46,13.94
240,Josep Estivill,2.187558,41.417763,27,18.6,8.4,2833,50,487,1.76,17.19
241,Teodor Llorente,2.180482,41.419337,33,9.2,23.8,2833,256,0,9.04,0.0
242,Ramon Albó,2.177284,41.424451,27,9.2,17.8,2833,365,29,12.88,1.02
243,Alenxadre Galí,2.181298,41.423939,27,10.4,16.6,2833,236,57,8.33,2.01
244,Felip II,2.178511,41.426896,26,14.7,11.3,2833,109,112,3.85,3.95
246,Garcilaso,2.186637,41.422844,18,7.6,10.4,2833,183,108,6.46,3.81
247,Felipe II,2.184806,41.421992,24,9.0,15.0,2833,210,17,7.41,0.6
248,Palència,2.190374,41.418208,27,15.9,11.1,2833,13,176,0.46,6.21
249,Açores,2.188997,41.425216,26,19.0,7.0,2833,8,373,0.28,13.17
250,Portugal,2.19115,41.425905,25,11.1,13.9,2833,97,38,3.42,1.34
251,Cardenal Tedeschini,2.185226,41.425405,32,15.9,16.1,2833,49,46,1.73,1.62
252,Rambla Onze de Setembre,2.193185,41.429953,33,18.9,14.1,2833,27,118,0.95,4.17
253,Onze de Setembre,2.191821,41.429977,24,19.5,4.5,2833,9,508,0.32,17.93
254,Gran de Sant Andreu,2.190163,41.429985,23,10.9,12.1,2833,51,169,1.8,5.97
255,Irlanda,2.185852,41.431183,22,14.4,7.6,2833,11,95,0.39,3.35
256,Malats,2.189524,41.435998,27,16.2,10.8,2833,3,33,0.11,1.16
257,Sant Adrià,2.189614,41.433897,27,0.0,27.0,2833,2833,0,100.0,0.0
258,Fernando Pessoa,2.193032,41.442167,27,14.8,12.2,2833,83,0,2.93,0.0
259,Carrer de Bartrina,2.185818,41.439109,27,16.5,10.5,2833,25,0,0.88,0.0
260,Plaça de l'Estació,2.192952,41.43618,25,15.5,9.5,2833,48,236,1.69,8.33
261,Villarroel,2.160644,41.382206,27,14.2,12.8,2833,47,203,1.66,7.17
262,Rocafort,2.152496,41.379821,33,17.4,15.6,2833,79,253,2.79,8.93
263,Pg.Torras i Bages,2.191039,41.437814,21,9.4,11.6,2833,119,148,4.2,5.22
264,República Dominicana,2.197033,41.439949,31,23.1,7.9,2833,0,261,0.0,9.21
265,Casanovas,2.158743,41.385397,18,6.8,11.2,2833,233,87,8.22,3.07
266,Concepció Arenal,2.184238,41.426841,27,10.8,16.2,2833,79,86,2.79,3.04
267,Passeig Torras i Bages,2.190623,41.443395,24,16.0,8.0,2833,0,76,0.0,2.68
268,Fernando Pessoa,2.192892,41.445705,26,13.5,12.5,2833,12,121,0.42,4.27
269,Via Barcino,2.192826,41.448128,22,22.6,-0.6,2833,0,1039,0.0,36.67
270,Crta. de Ribes (Trinitat Vella),2.18976,41.448628,26,14.6,11.4,2833,27,255,0.95,9.0
271,Via Barcino,2.192335,41.450634,20,10.7,9.3,2833,19,461,0.67,16.27
272,Concepció Arenal,2.18429,41.432552,25,17.3,7.7,2833,0,182,0.0,6.42
273,Avda. Meridiana,2.183382,41.430404,35,14.5,20.5,2833,109,25,3.85,0.88
274,Rambla Fabra i Puig,2.18473,41.430071,33,19.7,13.3,2833,24,144,0.85,5.08
275,Rio de Janeiro,2.182225,41.430693,32,14.3,17.7,2833,100,4,3.53,0.14
276,Plaça Alfons X el Savi / Ronda del Guinardó,2.165275,41.412163,27,8.6,18.4,2833,552,4,19.48,0.14
277,Travessera de Gràcia,2.16905,41.408284,27,9.6,17.4,2833,439,10,15.5,0.35
278,Travessera de Gràcia,2.171621,41.409815,24,6.1,17.9,2833,485,5,17.12,0.18
279,Mas Casanovas,2.174564,41.415951,27,11.3,15.7,2833,384,35,13.55,1.24
280,Sant Antoni Mª Claret,2.177842,41.413986,23,7.8,15.2,2833,302,2,10.66,0.07
281,Escornalbou,2.176313,41.418088,24,3.7,20.3,2833,1098,0,38.76,0.0
282,Font d'en Fargas,2.166022,41.427561,27,7.2,19.8,2833,608,0,21.46,0.0
283,Carrer Fulton,2.16157,41.42968,21,3.2,17.8,2833,910,0,32.12,0.0
284,Ada. Diagonal,2.131454,41.389503,27,6.5,20.5,2833,877,0,30.96,0.0
285,Malats,2.186059,41.436708,24,14.5,9.5,2833,23,0,0.81,0.0
286,Bolívia,2.191428,41.403103,21,6.8,14.2,2833,628,178,22.17,6.28
287,Gran Via,2.168113,41.389171,15,4.4,10.6,2833,950,160,33.53,5.65
288,Pl. Virrei Amat,2.174487,41.429636,33,11.5,21.5,2833,323,2,11.4,0.07
289,Múrcia,2.191022,41.416828,27,19.9,7.1,2833,22,605,0.78,21.36
290,Plaça dels Jardins d'Alfàbia,2.174047,41.437094,27,5.9,21.1,2833,871,38,30.74,1.34
291,Cubelles,2.17505,41.425897,27,6.1,20.9,2833,691,6,24.39,0.21
292,Amilcar,2.171974,41.430036,27,5.3,21.7,2833,930,5,32.83,0.18
293,Granollers,2.163101,41.428388,24,2.9,21.1,2833,1388,25,48.99,0.88
294,Seu del Districte (Nou Barris),2.170678,41.436373,27,12.1,14.9,2833,79,55,2.79,1.94
295,Sant Iscle,2.1715,41.43345,27,5.1,21.9,2833,599,0,21.14,0.0
296,Carrer de Rosselló i Porcel,2.183877,41.436505,33,12.1,20.9,2833,59,7,2.08,0.25
297,Carrer Turó Blau,2.176822,41.438864,24,8.6,15.4,2833,412,30,14.54,1.06
298,Andreu Nin,2.181747,41.43463,33,14.7,18.3,2833,138,60,4.87,2.12
299,Carrer de l'Escultor Ordóñez,2.175199,41.433965,27,13.6,13.4,2833,127,10,4.48,0.35
300,Carrer de Maladeta,2.176909,41.431593,18,7.9,10.1,2833,185,108,6.53,3.81
301,Marie Curie,2.169644,41.437053,27,14.3,12.7,2833,76,21,2.68,0.74
302,Cavallers,2.111615,41.39065,27,7.8,19.2,2833,613,0,21.64,0.0
303,Cavallers,2.115076,41.393341,27,5.7,21.3,2833,1099,2,38.79,0.07
304,Manuel Girona,2.121029,41.390208,33,6.1,26.9,2833,711,0,25.1,0.0
305,Diagonal,2.123637,41.387498,27,7.4,19.6,2833,784,114,27.67,4.02
306,Doctor Salvador Cardenal,2.122912,41.385465,32,7.7,24.3,2833,491,8,17.33,0.28
307,Pintor Ribalta,2.113505,41.379135,32,9.8,22.2,2833,178,6,6.28,0.21
308,Cardenal Reig,2.113864,41.376788,27,7.5,19.5,2833,235,8,8.3,0.28
309,Sant Ramón Nonat,2.116973,41.37674,27,8.6,18.4,2833,272,30,9.6,1.06
310,Josep Samitier,2.119077,41.381223,27,6.6,20.4,2833,730,27,25.77,0.95
311,Gallego-Arístides Maillol,2.120393,41.378638,24,11.4,12.6,2833,49,6,1.73,0.21
312,Arizala,2.123253,41.379046,33,12.4,20.6,2833,125,51,4.41,1.8
313,Feliu de Casanova,2.129847,41.375366,27,13.3,13.7,2833,170,212,6.0,7.48
314,Rambla del Brasil,2.129737,41.37836,27,8.9,18.1,2833,291,84,10.27,2.97
315,Guinardó,2.181966,41.415617,27,8.8,18.2,2833,303,59,10.7,2.08
316,Cantàbria,2.198316,41.422212,27,14.9,12.1,2833,25,251,0.88,8.86
317,Rambla Prim,2.200693,41.425566,26,17.9,8.1,2833,16,212,0.56,7.48
318,Cartagena,2.171331,41.413406,27,6.2,20.8,2833,1113,35,39.29,1.24
319,Saguès,2.145584,41.393713,33,5.8,27.2,2833,569,4,20.08,0.14
320,Vía Augusta,2.147989,41.401118,26,5.2,20.8,2833,952,0,33.6,0.0
321,Carrer de Sant Hermenegild,2.144549,41.403054,27,2.3,24.7,2833,1329,0,46.91,0.0
322,Santaló,2.13907,41.400977,27,10.0,17.0,2833,650,8,22.94,0.28
323,Vallmajor,2.138717,41.397996,26,8.3,17.7,2833,760,77,26.83,2.72
324,Reina Victoria,2.136258,41.396938,27,10.0,17.0,2833,435,8,15.35,0.28
325,Alt de Gironella,2.130325,41.39493,24,3.2,20.8,2833,939,0,33.15,0.0
326,Balmes,2.1383,41.407384,33,11.2,21.8,2833,379,0,13.38,0.0
327,Reus,2.13453,41.405,24,2.5,21.5,2833,1906,1,67.28,0.04
328,Artesa de Segre,2.13427,41.40293,27,4.4,22.6,2833,1498,4,52.88,0.14
329,Carrer de les Escoles Pies,2.128541,41.402879,27,9.1,17.9,2833,519,12,18.32,0.42
330,Doctor Carulla,2.130658,41.400587,27,4.6,22.4,2833,1295,12,45.71,0.42
331,Castellnou,2.12801,41.39706,33,9.0,24.0,2833,689,0,24.32,0.0
332,Doctor Roux,2.12809,41.399822,27,5.1,21.9,2833,1137,49,40.13,1.73
333,Passatge de Senillosa,2.125106,41.395632,27,3.7,23.3,2833,1307,0,46.13,0.0
334,Via Augusta,2.123268,41.400722,27,8.1,18.9,2833,947,24,33.43,0.85
335,Santa Amèlia,2.123224,41.393639,27,9.0,18.0,2833,555,30,19.59,1.06
336,Caponata,2.120973,41.395274,27,6.3,20.7,2833,681,0,24.04,0.0
337,Carme Karr,2.120422,41.398719,24,6.2,17.8,2833,990,23,34.95,0.81
338,Avinguda de J.Foix,2.119506,41.397572,33,13.3,19.7,2833,225,22,7.94,0.78
339,Ramon Turró,2.205277,41.401662,27,15.2,11.8,2833,87,374,3.07,13.2
340,Sant Adrià,2.204634,41.436145,23,14.9,8.1,2833,0,467,0.0,16.48
341,Passeig Enric Sanchís,2.205886,41.434191,26,12.7,13.3,2833,44,0,1.55,0.0
342,Roc Boronat,2.193702,41.403502,26,9.8,16.2,2833,588,261,20.76,9.21
343,Campana de la Maquinista,2.199598,41.438886,27,14.3,12.7,2833,49,414,1.73,14.61
344,Ciutat d'Asunción,2.199538,41.443127,27,15.8,11.2,2833,35,156,1.24,5.51
345,Pl. Teresa de Claramunt,2.139771,41.363093,33,17.1,15.9,2833,23,160,0.81,5.65
346,Carrer de la Foneria,2.139132,41.360654,31,24.5,6.5,2833,0,627,0.0,22.13
347,Alts Forns,2.14182,41.359496,33,18.8,14.2,2833,1,268,0.04,9.46
348,Jardins de Can Ferrero,2.141563,41.357067,33,13.3,19.7,2833,47,0,1.66,0.0
349,Carrer de l'Energia,2.137172,41.357338,33,12.4,20.6,2833,122,37,4.31,1.31
350,Villarroel,2.14812,41.391833,33,8.8,24.2,2833,609,19,21.5,0.67
351,Jane Addams,2.135637,41.362135,33,17.3,15.7,2833,29,35,1.02,1.24
352,Radi,2.134144,41.36335,33,13.2,19.8,2833,140,161,4.94,5.68
353,Munné,2.123191,41.375414,27,10.2,16.8,2833,256,80,9.04,2.82
354,Rambla del Brasil,2.13008,41.37592,26,15.5,10.5,2833,141,404,4.98,14.26
355,Carreras i Candi,2.12859,41.37211,27,15.8,11.2,2833,176,502,6.21,17.72
356,Camèlies,2.163411,41.413425,27,5.4,21.6,2833,1290,15,45.53,0.53
357,Cardener,2.1581,41.410538,27,0.0,27.0,2833,2833,0,100.0,0.0
358,Gombau,2.17927,41.387225,27,14.7,12.3,2833,94,322,3.32,11.37
359,Méndez Núñez,2.177572,41.390021,27,12.6,14.4,2833,147,233,5.19,8.22
360,Bailén,2.172984,41.395213,30,8.8,21.2,2833,379,60,13.38,2.12
361,Passeig de Colom,2.178553,41.376292,33,18.2,14.8,2833,50,0,1.76,0.0
362,Bailén,2.17057,41.397006,33,11.6,21.4,2833,226,38,7.98,1.34
363,Bruc,2.1744,41.39076,27,11.5,15.5,2833,179,65,6.32,2.29
364,Passeig de Gràcia,2.16343,41.39324,33,7.9,25.1,2833,819,61,28.91,2.15
365,Viladomat,2.14702,41.387499,33,10.0,23.0,2833,387,40,13.66,1.41
366,Pau Casals,2.14358,41.393037,27,3.8,23.2,2833,920,0,32.47,0.0
367,Sentmenat,2.137331,41.385057,30,2.9,27.1,2833,824,0,29.09,0.0
368,Diputació,2.175714,41.396815,26,13.2,12.8,2833,182,218,6.42,7.7
369,Consell de Cent,2.177948,41.400168,27,14.6,12.4,2833,138,357,4.87,12.6
370,Sardenya,2.172987,41.403735,29,12.9,16.1,2833,254,193,8.97,6.81
371,Carrer dels Enamorats,2.181264,41.404027,33,18.8,14.2,2833,95,331,3.35,11.68
372,Ribes,2.184362,41.400167,27,13.8,13.2,2833,83,203,2.93,7.17
373,Av. Paral.lel,2.161305,41.375073,36,23.9,12.1,2833,74,666,2.61,23.51
374,Passeig de Gràcia,2.16123,41.395,33,4.9,28.1,2833,1110,1,39.18,0.04
375,World Trade Center,2.180701,41.372154,27,8.8,18.2,2833,586,140,20.68,4.94
376,World Trade Center,2.180302,41.371663,27,9.0,18.0,2833,395,42,13.94,1.48
377,Pl. Ictíneo,2.183737,41.37747,30,10.0,20.0,2833,140,7,4.94,0.25
378,Pl.Joaquim Xira i Palau,2.176716,41.378516,21,10.8,10.2,2833,98,338,3.46,11.93
379,Pl. Sant Miquel,2.177308,41.381709,18,8.3,9.7,2833,176,235,6.21,8.3
380,Duran i Bas,2.174252,41.385463,24,13.4,10.6,2833,45,342,1.59,12.07
381,Agustí Duran i Sanpere,2.167667,41.381607,33,16.3,16.7,2833,118,0,4.17,0.0
382,Lope de Vega,2.204188,41.403938,27,13.7,13.3,2833,79,236,2.79,8.33
384,Vilamarí,2.146793,41.380708,27,10.0,17.0,2833,279,55,9.85,1.94
385,Casanova,2.155266,41.387978,30,7.3,22.7,2833,314,53,11.08,1.87
386,Av.Paral.lel,2.156848,41.375086,27,15.2,11.8,2833,93,194,3.28,6.85
387,Nàpols,2.178784,41.395796,27,13.0,14.0,2833,76,93,2.68,3.28
388,Riera Alta,2.167418,41.380593,27,14.8,12.2,2833,242,474,8.54,16.73
389,Recinte Parc de la Ciutadella,2.1875,41.38739,27,7.4,19.6,2833,265,109,9.35,3.85
390,Comerç,2.18195,41.386955,27,12.1,14.9,2833,158,222,5.58,7.84
391,Sagrera,2.191204,41.422873,26,14.8,11.2,2833,27,77,0.95,2.72
392,Ramon Turró,2.190681,41.390595,21,11.7,9.3,2833,146,98,5.15,3.46
393,Llacuna,2.197653,41.402177,33,11.4,21.6,2833,268,112,9.46,3.95
394,Diputació,2.16305,41.38733,27,6.2,20.8,2833,488,0,17.23,0.0
395,Pl. Catalunya,2.170212,41.386009,33,12.7,20.3,2833,232,85,8.19,3.0
396,Joan Miró,2.196844,41.389028,33,9.9,23.1,2833,412,58,14.54,2.05
397,Av. Del Litoral,2.199334,41.388894,27,12.2,14.8,2833,665,369,23.47,13.03
398,Passeig Marítim de la Barceloneta,2.193502,41.381011,27,11.1,15.9,2833,354,319,12.5,11.26
400,Moll Oriental,2.188017,41.36958,27,10.2,16.8,2833,351,155,12.39,5.47
401,Pl. Antonio López (Via Laietana) annexa a la 37,2.181838,41.381241,23,15.1,7.9,2833,30,250,1.06,8.82
402,Passeig de Colom,2.182119,41.380565,26,13.1,12.9,2833,242,232,8.54,8.19
404,Juan Gris,2.133087,41.365374,27,13.3,13.7,2833,181,335,6.39,11.82
405,Comte Borrell,2.152,41.38551,27,4.5,22.5,2833,479,0,16.91,0.0
406,Gran Via de Les Corts Catalanes,2.164597,41.386512,33,8.1,24.9,2833,521,20,18.39,0.71
407,Ramon Trias Fargas,2.192835,41.388471,27,8.2,18.8,2833,431,243,15.21,8.58
408,"Villena, 11",2.19231,41.388609,36,11.4,24.6,2833,240,84,8.47,2.97
409,Joan d'Àustria,2.192478,41.392358,18,8.0,10.0,2833,177,245,6.25,8.65
410,"Passeig de Colom, s/n",2.17871,41.376433,32,15.9,16.1,2833,39,255,1.38,9.0
412,Pl. Urquinaona,2.172667,41.389012,27,7.4,19.6,2833,492,45,17.37,1.59
413,Bruc,2.170718,41.393512,27,8.5,18.5,2833,432,63,15.25,2.22
414,Casp,2.176451,41.393744,32,16.1,15.9,2833,38,99,1.34,3.49
415,Rambla del Raval,2.168921,41.379374,26,14.2,11.8,2833,241,573,8.51,20.23
416,Rambla del Raval,2.16965,41.378134,27,15.2,11.8,2833,208,654,7.34,23.09
418,Passeig de Lluís Companys,2.180251,41.390943,26,13.9,12.1,2833,88,99,3.11,3.49
419,Passeig de Lluís Companys,2.180828,41.391299,33,19.0,14.0,2833,29,197,1.02,6.95
420,Gran Via,2.148082,41.374213,27,6.3,20.7,2833,430,7,15.18,0.25
421,Plaça de Joan Peiró,2.13923,41.377845,33,12.9,20.1,2833,212,99,7.48,3.49
423,Carrer d'Hondures,2.189532,41.420201,27,12.7,14.3,2833,57,38,2.01,1.34
424,"Passeig Marítim de la Barceloneta, devant del 5-7",2.192662,41.379632,27,12.7,14.3,2833,168,153,5.93,5.4
425,Carrer de Cervelló,2.1749,41.37652,27,12.9,14.1,2833,98,462,3.46,16.31
426,Carrer de Ribes,2.183023,41.398305,31,18.9,12.1,2833,48,296,1.69,10.45
427,Carrer de Sant Pau,2.168007,41.375336,21,12.5,8.5,2833,167,708,5.89,24.99
428,Carrer Pujades,2.196261,41.398389,27,9.1,17.9,2833,273,10,9.64,0.35
451,(PK) C/ JAUME FABRA,2.159668,41.37445,12,6.1,5.9,2833,17,0,0.6,0.0
452,(PK) C/ PADILLA,2.186289,41.398747,10,3.9,6.1,2833,56,0,1.98,0.0
453,(PK) C/ URGELL,2.16204,41.379563,10,3.4,6.6,2833,245,0,8.65,0.0
454,(PK) C/ BILBAO,2.204131,41.402448,12,4.6,7.4,2833,84,9,2.97,0.32
455,(PK) AV. DEL LITORAL,2.19917,41.388966,10,3.3,6.7,2833,286,0,10.1,0.0
456,(PK) C/ DE FLOS I CALCAT,2.128581,41.389853,12,4.8,7.2,2833,20,12,0.71,0.42
457,(PK) C/ DE JOSEP BALARÍ,2.134235,41.401519,12,3.9,8.1,2833,10,0,0.35,0.0
458,(PK) AV. JOAN XXIII,2.122085,41.384344,12,4.7,7.3,2833,12,0,0.42,0.0
459,(PK) C/ D'ALÍ BEI,2.181443,41.393941,12,4.3,7.7,2833,91,0,3.21,0.0
460,(PK) AV. FRANCESC CAMBÓ,2.177316,41.385702,12,4.5,7.5,2833,41,0,1.45,0.0
461,(PK) AV. JOSEP TARRADELLAS,2.14274,41.384111,12,6.7,5.3,2833,15,6,0.53,0.21
462,(PK) AV. JOSEP TARRADELLAS,2.143221,41.390125,10,3.7,6.3,2833,112,3,3.95,0.11
463,(PK) C/ DE L´ABAT SAFONT,2.169795,41.375244,10,3.9,6.1,2833,154,0,5.44,0.0
464,"(PK) C/ DE RAMON ALBÓ, 77s",2.177205,41.427727,12,4.9,7.1,2833,8,0,0.28,0.0
465,(PK) RDA. DEL GENERAL MITRE,2.142456,41.40542,12,5.5,6.5,2833,14,0,0.49,0.0
466,(PK) PG. MARAGALL,2.180684,41.415745,12,5.3,6.7,2833,42,0,1.48,0.0
467,(PK) C/ DEL DR. AIGUADER,2.194135,41.38582,12,4.4,7.6,2833,213,0,7.52,0.0
468,(PK) C/ DE LES MONGES,2.187974,41.430201,11,4.7,6.3,2833,0,0,0.0,0.0
469,(PK) RAMBLA DEL POBLENOU,2.197132,41.404362,12,4.7,7.3,2833,15,0,0.53,0.0
470,(PK) C/ CARDENAL DE SENTMENAT,2.125411,41.397921,12,3.8,8.2,2833,172,0,6.07,0.0
471,(PK) C/ MARQUÈS DE MULHACÉN,2.114973,41.39415,12,5.0,7.0,2833,3,8,0.11,0.28
472,(PK) C/ DEL TORRENT DE L´OLLA,2.151341,41.407353,10,4.9,5.1,2833,68,66,2.4,2.33
473,(PK) PG. DE GARCIA FÀRIA,2.214978,41.404459,12,3.4,8.6,2833,82,0,2.89,0.0
474,(PK) PL. GAL·LA PLACÍDIA,2.153668,41.3989,10,4.2,5.8,2833,107,98,3.78,3.46
475,(PK) C/ DE LA MARINA,2.169385,41.408528,12,5.8,6.2,2833,18,39,0.64,1.38
476,(PK) C/ DE BADAJOZ,2.19042,41.402459,12,4.5,7.5,2833,200,11,7.06,0.39
477,(PK) PG. DE COLOM,2.178745,41.376648,10,5.0,5.0,2833,8,27,0.28,0.95
478,(PK) C/ DEL BALUARD,2.1891,41.3798,12,5.0,7.0,2833,28,0,0.99,0.0
479,(PK) C/ DE LA MARINA,2.196595,41.387298,12,5.6,6.4,2833,57,31,2.01,1.09
480,(PK) C/ DELS FLORISTES DE LA RAMBLA,2.170239,41.381516,11,6.2,4.8,2833,1,0,0.04,0.0
481,(PK) C/ DE VALÈNCIA,2.150337,41.383036,12,6.0,6.0,2833,2,0,0.07,0.0
482,(PK) PL. D'ERNEST LLUCH I MARTIN,2.22123,41.41306,12,6.0,6.0,2833,2,0,0.07,0.0
483,(PK) C/ DE SIRACUSA,2.160748,41.401752,12,5.6,6.4,2833,119,76,4.2,2.68
484,(PK) RAMBLA CATALUNYA - RDA. UNIVERSITAT,2.166997,41.388101,11,5.4,5.6,2833,0,7,0.0,0.25
485,(PK) PLAÇA URQUINAONA,2.173239,41.389914,10,3.7,6.3,2833,153,0,5.4,0.0
486,(PK) PG. DE GRÀCIA - DIAGONAL,2.159445,41.396934,12,2.3,9.7,2833,1448,0,51.11,0.0
487,(PK) PL. DE FERRER I CAJIGAL,2.154,41.38921,12,5.5,6.5,2833,52,6,1.84,0.21
488,(PK) C/ DE CIENFUEGOS,2.184391,41.423976,12,6.2,5.8,2833,3,4,0.11,0.14
489,(PK) PLAÇA CANONGE RODÓ,2.188282,41.409532,11,5.7,5.3,2833,0,0,0.0,0.0
491,(PK) C/ DE CARRERAS I CANDI,2.12898,41.37252,12,4.2,7.8,2833,60,10,2.12,0.35
492,PL. DE TETUAN,2.175278,41.394232,24,10.6,13.4,2833,4,0,0.14,0.0
493,PL. SANT MIQUEL,2.177086,41.38186,24,8.7,15.3,2833,1,0,0.04,0.0
494,RAMBLA CATALUNYA,2.165357,41.389481,24,11.6,12.4,2833,1,0,0.04,0.0
495,C/ DIPUTACIÓ - TARRAGONA,2.149283,41.377191,24,8.9,15.1,2833,4,0,0.14,0.0
496,C/ DE PROVENÇA,2.175141,41.404871,23,12.3,10.7,2833,0,0,0.0,0.0
